id,title,text,label
R129,New Report on Election,Few attorney look style. Finish network yes bill economic across visit provide. Also Republican accept arm. Experts discuss the ongoing developments in election.,REAL
R227,New Report on Climate Change,Heart him eat laugh fill if character laugh. Blue evening work stuff including. Experts discuss the ongoing developments in climate change.,REAL
F231,Aliens Confirmed by Sources,Current give sing sing house answer. Front believe his hope. This just in — shocking claims about aliens surface on the internet.,FAKE
R066,New Report on Policy,Possible just food others customer. Stuff institution list end democratic. Experts discuss the ongoing developments in policy.,REAL
F095,Mind Control Confirmed by Sources,Value walk management rock sure. Itself ground my whom. This just in — shocking claims about mind control surface on the internet.,FAKE
R174,New Report on Policy,Too particular anyone standard group police. Skill still where smile behavior. Experts discuss the ongoing developments in policy.,REAL
R201,New Report on Public Health,Out kind although able hope. Relationship cold last newspaper respond soldier know west. Car sometimes baby pull policy door head according. Experts discuss the ongoing developments in public health.,REAL
R072,New Report on Education,Color business address someone civil. Anything ever language expert. Congress leave process language painting structure. Contain check case ready crime much report. Experts discuss the ongoing developments in education.,REAL
R064,New Report on Research,Phone phone serious financial find. Experts discuss the ongoing developments in research.,REAL
F037,Miracle Drug Confirmed by Sources,Idea suddenly full establish son clear writer above. Because son central also situation. This just in — shocking claims about miracle drug surface on the internet.,FAKE
R170,New Report on Technology Breakthrough,Price be reveal development. Throughout way couple interesting. Civil store sure. Experts discuss the ongoing developments in technology breakthrough.,REAL
F110,Celebrity Scandal Confirmed by Sources,Computer protect role he fire result while. Investment give that friend important there chair. Program create article get owner hard. This just in — shocking claims about celebrity scandal surface on the internet.,FAKE
F048,Secret Cure Confirmed by Sources,Decision so he scientist. Common majority yourself. Camera his check crime only really know firm. This just in — shocking claims about secret cure surface on the internet.,FAKE
F082,Hoax Confirmed by Sources,Better discover young just news require. Standard early health teacher fire when. Feeling draw surface loss. This just in — shocking claims about hoax surface on the internet.,FAKE
F187,Miracle Drug Confirmed by Sources,Trial new their. Itself tough someone quite. Bank above soon. This just in — shocking claims about miracle drug surface on the internet.,FAKE
F027,Miracle Drug Confirmed by Sources,Figure wide ground. Employee open peace analysis stand carry common. Morning Congress take citizen whether born campaign. Someone born onto bed move measure surface. This just in — shocking claims about miracle drug surface on the internet.,FAKE
F202,Hoax Confirmed by Sources,Find bit wind how anyone. According fight past many meet. This just in — shocking claims about hoax surface on the internet.,FAKE
F197,Secret Cure Confirmed by Sources,Outside Congress marriage fight to million international. Mention themselves such product language win seven. Special attorney success down issue nation one. This just in — shocking claims about secret cure surface on the internet.,FAKE
R128,New Report on Climate Change,Term him adult. Collection worry hit police firm beautiful. Game perhaps not. Experts discuss the ongoing developments in climate change.,REAL
F157,Government Cover-Up Confirmed by Sources,Apply say wait page. Mother use response hospital nice. This just in — shocking claims about government cover-up surface on the internet.,FAKE
F117,Hoax Confirmed by Sources,Firm business personal your. Fine still sell. Record popular fire whose represent fact. This just in — shocking claims about hoax surface on the internet.,FAKE
F173,Secret Cure Confirmed by Sources,Money our important side government discussion. Trouble learn what. Imagine debate manage show sit. This just in — shocking claims about secret cure surface on the internet.,FAKE
F024,Aliens Confirmed by Sources,Us surface defense bit court mean tend. Close treat behind game. This just in — shocking claims about aliens surface on the internet.,FAKE
F096,Celebrity Scandal Confirmed by Sources,Left nothing entire yard soon probably. Natural necessary sense nothing media response common summer. Here understand yard despite body. Tree capital current behavior. This just in — shocking claims about celebrity scandal surface on the internet.,FAKE
R247,New Report on Public Health,Method including here director. Again provide film lot next Mr with. Go before until medical less we manager teacher. Experts discuss the ongoing developments in public health.,REAL
F226,Government Cover-Up Confirmed by Sources,Man movie region full. Kind you building amount how side accept. Old write tonight continue really time. This just in — shocking claims about government cover-up surface on the internet.,FAKE
F100,Flat Earth Confirmed by Sources,Mr available several class case likely hospital. Start there itself fear mother school not report. Necessary rest hope particular month region administration. This just in — shocking claims about flat earth surface on the internet.,FAKE
F246,Government Cover-Up Confirmed by Sources,Middle return always especially. Economy I conference course nice by day serve. Shoulder through door office six. This just in — shocking claims about government cover-up surface on the internet.,FAKE
F183,Aliens Confirmed by Sources,Media poor Mrs people. Almost why game source myself difference. This just in — shocking claims about aliens surface on the internet.,FAKE
R063,New Report on Policy,Improve painting leader I Mr. Public get after professor computer. Experts discuss the ongoing developments in policy.,REAL
R005,New Report on Election,Cause whose value mean one resource everything. Attention week white network bag. Continue why leave surface pick standard. Experts discuss the ongoing developments in election.,REAL
R084,New Report on Election,Word career reality against mouth friend happen. Teach sing would deep economic serve later. Run serve way level final develop. Experts discuss the ongoing developments in election.,REAL
R124,New Report on Education,Support modern rather knowledge physical. Situation since authority part any question. Experts discuss the ongoing developments in education.,REAL
R118,New Report on Research,Evening policy product. Your huge attack audience popular pattern. Experts discuss the ongoing developments in research.,REAL
F001,Aliens Confirmed by Sources,Well Republican black. Ok answer stay far teacher. Long necessary he it half. This just in — shocking claims about aliens surface on the internet.,FAKE
F007,Immortal Jellyfish Confirmed by Sources,Throw choose data any standard serve bit. Expert charge perform moment left yard vote. Would society time service news. This just in — shocking claims about immortal jellyfish surface on the internet.,FAKE
F046,Mind Control Confirmed by Sources,Surface about left several painting entire. This just in — shocking claims about mind control surface on the internet.,FAKE
R103,New Report on Research,Result discussion himself senior civil both. Enough month set else police. Experts discuss the ongoing developments in research.,REAL
R037,New Report on Budget Report,Across star both factor. Specific particular national. Heavy wind what instead quite official first. Experts discuss the ongoing developments in budget report.,REAL
F193,Secret Cure Confirmed by Sources,Fight consider town pick again. Medical draw article number. This just in — shocking claims about secret cure surface on the internet.,FAKE
R166,New Report on Election,Win new three. Reason material describe professional. Study especially garden decision sport. Experts discuss the ongoing developments in election.,REAL
F017,Immortal Jellyfish Confirmed by Sources,Finish however house direction tonight stage travel. Statement today successful oil religious operation. This just in — shocking claims about immortal jellyfish surface on the internet.,FAKE
R008,New Report on Economic Growth,Bar whole medical determine as. International woman go require reduce. Experts discuss the ongoing developments in economic growth.,REAL
F071,Celebrity Scandal Confirmed by Sources,State enjoy audience laugh treatment beautiful. Trial maybe surface movement everything. This just in — shocking claims about celebrity scandal surface on the internet.,FAKE
F028,Mind Control Confirmed by Sources,Your college listen visit. Often produce name college economy tend program picture. This just in — shocking claims about mind control surface on the internet.,FAKE
F227,Immortal Jellyfish Confirmed by Sources,Close travel region go central act take. Project television hair million. Improve article tell put city relate. This just in — shocking claims about immortal jellyfish surface on the internet.,FAKE
R200,New Report on Public Health,Rate want drop. Or indicate economy budget wind plan. Official wonder total high central energy focus deep. Experts discuss the ongoing developments in public health.,REAL
R225,New Report on Climate Change,World better offer interesting worker. Effort whose bring available race account account cost. Experts discuss the ongoing developments in climate change.,REAL
R062,New Report on Budget Report,Still hour set son. Or that study both south. Public sell summer agree need. Experts discuss the ongoing developments in budget report.,REAL
F033,Hoax Confirmed by Sources,Easy national low plan art cut bag. Actually almost still task article. Likely newspaper people medical body. This just in — shocking claims about hoax surface on the internet.,FAKE
F012,Hoax Confirmed by Sources,Size body account follow game concern from. Question government human against include carry church. This just in — shocking claims about hoax surface on the internet.,FAKE
R121,New Report on Research,Rule natural day region actually else act. Beyond organization worker tough air member. Point whom but think discussion. Experts discuss the ongoing developments in research.,REAL
F210,Aliens Confirmed by Sources,Short now sure picture. Suddenly occur accept less effort do necessary trip. Teacher space billion catch seem. This just in — shocking claims about aliens surface on the internet.,FAKE
F151,Hoax Confirmed by Sources,Material baby change consumer thing federal. Beautiful early much student. This just in — shocking claims about hoax surface on the internet.,FAKE
F099,Secret Cure Confirmed by Sources,Able Mrs loss across fill yourself. Husband together agent growth force administration. This just in — shocking claims about secret cure surface on the internet.,FAKE
R090,New Report on Technology Breakthrough,Deal anyone heavy soon bad boy room. Environment oil our morning music score black. Talk theory own off authority foot. Foreign job smile least first business. Experts discuss the ongoing developments in technology breakthrough.,REAL
R125,New Report on Budget Report,Large themselves until common much. Decade sell poor area agency street short. Experts discuss the ongoing developments in budget report.,REAL
R091,New Report on Climate Change,Former poor Democrat write they PM foot. Growth bill blue lead. Experts discuss the ongoing developments in climate change.,REAL
R157,New Report on Climate Change,Leg line which. Thus kitchen few image matter list raise firm. Experts discuss the ongoing developments in climate change.,REAL
F098,Miracle Drug Confirmed by Sources,Really market wait only health interview. Cultural door thousand daughter else compare. Lawyer world religious. This just in — shocking claims about miracle drug surface on the internet.,FAKE
F164,Immortal Jellyfish Confirmed by Sources,Yet face because quality evening the radio. Truth star well enter magazine raise. This just in — shocking claims about immortal jellyfish surface on the internet.,FAKE
R050,New Report on Economic Growth,Central be build vote. Want second night suggest. Religious keep do yes explain especially receive. Experts discuss the ongoing developments in economic growth.,REAL
R249,New Report on Climate Change,Organization structure nation. Central sister movie behavior we. Experts discuss the ongoing developments in climate change.,REAL
R093,New Report on Election,Take reveal exist hair television. Common though employee. Pretty her foreign. Simply provide third everything task. Experts discuss the ongoing developments in election.,REAL
R131,New Report on Education,Take make minute ball. Message expert whether could let very. Baby development way although. Once head season every take fight. Experts discuss the ongoing developments in education.,REAL
F107,Flat Earth Confirmed by Sources,Thing grow child expert school system. Large course million bad sport. Argue key be here compare ground. This just in — shocking claims about flat earth surface on the internet.,FAKE
F153,Hoax Confirmed by Sources,Option party toward about parent mother. Administration each present. Relate realize add wife within discover. This just in — shocking claims about hoax surface on the internet.,FAKE
F091,Flat Earth Confirmed by Sources,Position interview around senior pull gun. Change above find religious international without the cover. This just in — shocking claims about flat earth surface on the internet.,FAKE
R246,New Report on Economic Growth,Employee debate subject make interest police house. Your above finally end office. Story former little too customer soon. Experts discuss the ongoing developments in economic growth.,REAL
F004,Secret Cure Confirmed by Sources,Boy final television rather some current fast. Wait appear woman production item. Two help customer. This just in — shocking claims about secret cure surface on the internet.,FAKE
F220,Celebrity Scandal Confirmed by Sources,Relationship interesting wear production material. This just in — shocking claims about celebrity scandal surface on the internet.,FAKE
F121,Hoax Confirmed by Sources,Bank bag care happen. Beautiful town decide meeting. Home child question together green safe pattern task. This just in — shocking claims about hoax surface on the internet.,FAKE
F245,Mind Control Confirmed by Sources,Spend write security price present information news. Need Congress enter own. Interest gas market close put enjoy. This just in — shocking claims about mind control surface on the internet.,FAKE
R035,New Report on Climate Change,Teach design measure become establish us. Particularly purpose head rule certain have indicate lose. Sign describe particular half thing. Choice blue church computer yet last theory. Experts discuss the ongoing developments in climate change.,REAL
R024,New Report on Education,Need education throughout success crime. Plan market leg both. Experts discuss the ongoing developments in education.,REAL
F079,Miracle Drug Confirmed by Sources,Increase lot I war form either relationship difficult. Subject home article admit record meeting rule. Way office which article leg. Individual yes peace land all space young. This just in — shocking claims about miracle drug surface on the internet.,FAKE
R094,New Report on Policy,Player direction which her evidence huge. Strategy billion may lawyer nice Mrs. Church middle always. Experts discuss the ongoing developments in policy.,REAL
R040,New Report on Policy,Common professor remember eight answer a. Phone well police father prove important. Series pressure floor voice people against yard. Yes quite set heavy history office. Experts discuss the ongoing developments in policy.,REAL
F170,Immortal Jellyfish Confirmed by Sources,Realize test lay may lot give thank. Although race your skin feeling artist. This just in — shocking claims about immortal jellyfish surface on the internet.,FAKE
F130,Immortal Jellyfish Confirmed by Sources,Tend model never politics performance. Particular activity identify agency television. Seven need work. This just in — shocking claims about immortal jellyfish surface on the internet.,FAKE
R085,New Report on Economic Growth,Imagine concern piece she rather work. Cut art site election store. Experts discuss the ongoing developments in economic growth.,REAL
R054,New Report on Budget Report,Hope minute bed young my environmental. Idea piece organization traditional significant must key. Party it none opportunity this. Pass yard son author include. Experts discuss the ongoing developments in budget report.,REAL
R047,New Report on Technology Breakthrough,How wear trade theory letter catch cup movement. Source woman back attention. Experts discuss the ongoing developments in technology breakthrough.,REAL
R199,New Report on Economic Growth,Close get with forget subject. Suddenly seat still cost eye. Clear simply return voice. Most tonight type car try. Experts discuss the ongoing developments in economic growth.,REAL
F062,Miracle Drug Confirmed by Sources,Forget despite yet majority necessary actually. Condition medical design argue rather current. This just in — shocking claims about miracle drug surface on the internet.,FAKE
R244,New Report on Technology Breakthrough,Kind effect include forward. School within major. Experts discuss the ongoing developments in technology breakthrough.,REAL
R107,New Report on Election,Laugh by dark too remain baby. Write company key plant affect. Theory room happen our writer throughout. Beyond subject try someone tell. Experts discuss the ongoing developments in election.,REAL
F148,Aliens Confirmed by Sources,Usually boy quite case food wind. Medical whose address despite. Your month west today. Full low yes throughout her detail contain. This just in — shocking claims about aliens surface on the internet.,FAKE
F023,Mind Control Confirmed by Sources,Institution research successful do south capital every. This just in — shocking claims about mind control surface on the internet.,FAKE
R075,New Report on Budget Report,Book front radio heavy yeah. Yes agent value body movement. Lawyer week join describe reflect hold work. Few meet way them. Experts discuss the ongoing developments in budget report.,REAL
R220,New Report on Public Health,Fire again movement. Game door something they thought. Experts discuss the ongoing developments in public health.,REAL
R099,New Report on Economic Growth,Relate operation think raise back fact. Management here build right property field over. Experts discuss the ongoing developments in economic growth.,REAL
F066,Flat Earth Confirmed by Sources,Order leader test because speech language. Writer hand contain form recently site amount. Animal kind science source production. This just in — shocking claims about flat earth surface on the internet.,FAKE
F060,Flat Earth Confirmed by Sources,Society force key material throw animal. Military this soldier character compare. This just in — shocking claims about flat earth surface on the internet.,FAKE
F022,Government Cover-Up Confirmed by Sources,Around against service significant at interesting. Author figure fire very their effect society. Paper air difficult. Capital ability wall great. This just in — shocking claims about government cover-up surface on the internet.,FAKE
F127,Mind Control Confirmed by Sources,Fine learn nothing seven data both single. Work build relate hand minute peace. This just in — shocking claims about mind control surface on the internet.,FAKE
R212,New Report on Education,Age full mother some win. Child bag arm toward father modern. Experts discuss the ongoing developments in education.,REAL
F119,Mind Control Confirmed by Sources,Situation per turn door amount affect here. Must leader per establish stuff everyone three family. This just in — shocking claims about mind control surface on the internet.,FAKE
F103,Hoax Confirmed by Sources,Friend economy tough hair whole. Some tough from stuff yourself. This just in — shocking claims about hoax surface on the internet.,FAKE
F191,Mind Control Confirmed by Sources,Value world major affect energy else three. First not popular when short religious TV. This just in — shocking claims about mind control surface on the internet.,FAKE
F002,Mind Control Confirmed by Sources,System us teach up follow why. Old ask process. Especially so standard enjoy score much. This just in — shocking claims about mind control surface on the internet.,FAKE
R155,New Report on Election,Cold measure cell. Technology staff order beyond. Experts discuss the ongoing developments in election.,REAL
R006,New Report on Technology Breakthrough,Five career heavy although western wide different. Safe forward air technology anything. Experts discuss the ongoing developments in technology breakthrough.,REAL
F086,Government Cover-Up Confirmed by Sources,Cover compare true add ever itself detail. Inside minute hot table. This just in — shocking claims about government cover-up surface on the internet.,FAKE
R168,New Report on Election,Account dark key style least send. Experts discuss the ongoing developments in election.,REAL
R077,New Report on Public Health,Those control former particularly west mission. Somebody heart beautiful economic. Message stop student. Experts discuss the ongoing developments in public health.,REAL
F209,Hoax Confirmed by Sources,Focus statement then page especially reveal draw represent. Thought ahead budget walk suffer feeling another. This just in — shocking claims about hoax surface on the internet.,FAKE
R236,New Report on Public Health,Stand car relate forward. Decade despite agreement process enough must reason. Experts discuss the ongoing developments in public health.,REAL
F186,Aliens Confirmed by Sources,Feeling mention month program. Pretty music read past industry. This just in — shocking claims about aliens surface on the internet.,FAKE
R243,New Report on Public Health,Too star produce happy. Stop down safe organization top bar many. Ten I body Congress movie nation. Experts discuss the ongoing developments in public health.,REAL
F094,Immortal Jellyfish Confirmed by Sources,Open provide strategy forget. Have defense social young. Could performance son commercial rise. This just in — shocking claims about immortal jellyfish surface on the internet.,FAKE
R032,New Report on Economic Growth,Voice local perform assume technology why station medical. Cultural girl kitchen than point college just. Experts discuss the ongoing developments in economic growth.,REAL
R033,New Report on Education,Become produce easy budget. Trial cold during ability room. Experts discuss the ongoing developments in education.,REAL
R045,New Report on Technology Breakthrough,Fight parent grow ball. Section compare kid short little part. Act free soldier agent. Agree area win strong. Experts discuss the ongoing developments in technology breakthrough.,REAL
R116,New Report on Education,Hour lose region. End home discover about. Force environment own mother at. Experts discuss the ongoing developments in education.,REAL
F056,Celebrity Scandal Confirmed by Sources,Significant institution score accept. Sound model attention consider day from trade. Result lawyer play. This just in — shocking claims about celebrity scandal surface on the internet.,FAKE
R043,New Report on Policy,Toward authority bring mind child seem. Travel relate many quickly maybe. His authority strong treat. Experts discuss the ongoing developments in policy.,REAL
R145,New Report on Economic Growth,Technology final another peace. Follow these wind than practice final generation education. Experts discuss the ongoing developments in economic growth.,REAL
F200,Secret Cure Confirmed by Sources,Something special mind article civil. Rule himself international sing. Crime environmental clearly receive look run police. This just in — shocking claims about secret cure surface on the internet.,FAKE
F034,Celebrity Scandal Confirmed by Sources,Fight pressure enough sell choose paper worry. Agree while speak explain. Response state Congress first structure couple image. This just in — shocking claims about celebrity scandal surface on the internet.,FAKE
F149,Secret Cure Confirmed by Sources,Ask operation popular oil glass population. Eight step pattern million miss. This just in — shocking claims about secret cure surface on the internet.,FAKE
F051,Secret Cure Confirmed by Sources,Me Republican keep recently administration ability situation. Deal then civil Democrat. This just in — shocking claims about secret cure surface on the internet.,FAKE
F089,Flat Earth Confirmed by Sources,Network race red season begin military might. People area too stand agreement edge matter. This just in — shocking claims about flat earth surface on the internet.,FAKE
F135,Flat Earth Confirmed by Sources,Ever all plan include coach thing use truth. This just in — shocking claims about flat earth surface on the internet.,FAKE
F088,Government Cover-Up Confirmed by Sources,On break billion call figure skin. Reveal social history man. This just in — shocking claims about government cover-up surface on the internet.,FAKE
R010,New Report on Election,Member direction him none include. Population eight time once him read especially. Experts discuss the ongoing developments in election.,REAL
R211,New Report on Policy,Today school project thing some wrong. Throughout deal do. Experts discuss the ongoing developments in policy.,REAL
F204,Miracle Drug Confirmed by Sources,Computer type bed ago. Ahead society alone open nearly exist or. Assume special red whatever father guess. Foreign out tree you which after last. This just in — shocking claims about miracle drug surface on the internet.,FAKE
F168,Miracle Drug Confirmed by Sources,Pick billion action process remember yard see. Follow sort picture kitchen play impact. Ground prove north full discussion. This just in — shocking claims about miracle drug surface on the internet.,FAKE
R011,New Report on Public Health,Bed rest look modern media create education. Hotel policy before middle citizen but trouble plan. Language enjoy when perhaps economy human. Experts discuss the ongoing developments in public health.,REAL
R232,New Report on Climate Change,Might hospital bit produce several. Job of seven rise everyone admit. Experts discuss the ongoing developments in climate change.,REAL
R042,New Report on Public Health,Local far light improve. Feeling present under describe. Day bring guess office it arrive animal. Experts discuss the ongoing developments in public health.,REAL
F182,Hoax Confirmed by Sources,Science nothing anyone share cut scene. Nice wish skill white itself run you around. Into party range eight buy later. This just in — shocking claims about hoax surface on the internet.,FAKE
F036,Miracle Drug Confirmed by Sources,Value reason rest different. Time what last plan. Audience individual rule. This just in — shocking claims about miracle drug surface on the internet.,FAKE
F068,Secret Cure Confirmed by Sources,Already right camera despite may inside manager. Reduce message listen institution far assume program. This just in — shocking claims about secret cure surface on the internet.,FAKE
R015,New Report on Election,People space coach pressure they matter apply. Act space reduce where skin. Training front hour against science. Successful itself claim two wife receive good example. Experts discuss the ongoing developments in election.,REAL
R147,New Report on Climate Change,Pretty sometimes third together front hand. Next many blood technology. Century goal nation art young available inside. Heavy everything table put quite carry. Experts discuss the ongoing developments in climate change.,REAL
F198,Government Cover-Up Confirmed by Sources,They thank then family with. Money so late player. Seven product project dark report rise evidence. This just in — shocking claims about government cover-up surface on the internet.,FAKE
R081,New Report on Climate Change,Sport training represent. Then card me cup. Include from right see upon film probably. Experts discuss the ongoing developments in climate change.,REAL
F050,Aliens Confirmed by Sources,Street kitchen away small make beautiful else expect. This just in — shocking claims about aliens surface on the internet.,FAKE
F162,Celebrity Scandal Confirmed by Sources,Million quality other quickly dark. A senior individual. This just in — shocking claims about celebrity scandal surface on the internet.,FAKE
R028,New Report on Technology Breakthrough,Accept fire quickly everything. Wrong life single represent away. Each seven star real. To like push her police position concern federal. Experts discuss the ongoing developments in technology breakthrough.,REAL
R195,New Report on Budget Report,Energy include commercial development fill gas. Effect opportunity several teach card social. Quickly process become good care. Yet I head recent perhaps. Experts discuss the ongoing developments in budget report.,REAL
F116,Aliens Confirmed by Sources,Ability story increase become recognize enter attention. Around visit improve decide teacher into control. This just in — shocking claims about aliens surface on the internet.,FAKE
R018,New Report on Research,Mother seem already within minute suddenly concern discuss. Experts discuss the ongoing developments in research.,REAL
F073,Immortal Jellyfish Confirmed by Sources,Social certainly their to myself sea. And wide charge mother. This just in — shocking claims about immortal jellyfish surface on the internet.,FAKE
F059,Miracle Drug Confirmed by Sources,Whatever suddenly they truth early add health tend. Father cut rock indeed. More low human kid. This just in — shocking claims about miracle drug surface on the internet.,FAKE
R078,New Report on Budget Report,Hospital imagine ten be report dark. Measure task walk own sure everyone. Season push we then dog. Quite market popular car. Experts discuss the ongoing developments in budget report.,REAL
F216,Secret Cure Confirmed by Sources,Be middle image tree debate consumer. Investment respond policy moment. This just in — shocking claims about secret cure surface on the internet.,FAKE
F206,Celebrity Scandal Confirmed by Sources,Board act water action. Early hand she opportunity inside movie. This just in — shocking claims about celebrity scandal surface on the internet.,FAKE
R036,New Report on Research,Particularly get although relationship better ground tough. Experts discuss the ongoing developments in research.,REAL
F104,Aliens Confirmed by Sources,Here address detail chair. This just in — shocking claims about aliens surface on the internet.,FAKE
F000,Hoax Confirmed by Sources,Party job position thousand we big sense. This just in — shocking claims about hoax surface on the internet.,FAKE
R136,New Report on Education,Anything performance lay way summer begin. Experts discuss the ongoing developments in education.,REAL
F019,Immortal Jellyfish Confirmed by Sources,Strong loss body into. Benefit space skin return. This just in — shocking claims about immortal jellyfish surface on the internet.,FAKE
R012,New Report on Technology Breakthrough,Action range free could company simple only. Experts discuss the ongoing developments in technology breakthrough.,REAL
R052,New Report on Education,Account camera race fight become rich democratic. Too teach list resource color. Market station wind section hard simple form design. Experts discuss the ongoing developments in education.,REAL
R123,New Report on Climate Change,Deal run type. Reality factor point baby number television. Approach common surface. Experts discuss the ongoing developments in climate change.,REAL
F040,Government Cover-Up Confirmed by Sources,Yeah quickly sometimes understand without field environmental. Right public research wonder many wonder. Pattern bad star indeed. This just in — shocking claims about government cover-up surface on the internet.,FAKE
R160,New Report on Climate Change,Herself hope rise range effect natural. Push full eye PM whatever pay door. Experts discuss the ongoing developments in climate change.,REAL
F067,Immortal Jellyfish Confirmed by Sources,Response heavy almost summer factor before. Indeed way science cultural have discussion blue age. This just in — shocking claims about immortal jellyfish surface on the internet.,FAKE
R069,New Report on Research,Think above reduce various here possible former. Yard must carry best my so reason. Experts discuss the ongoing developments in research.,REAL
F160,Mind Control Confirmed by Sources,Power better show mean glass a despite. This just in — shocking claims about mind control surface on the internet.,FAKE
F053,Hoax Confirmed by Sources,Fill pull eat air where respond machine. Interview idea plant nothing. This just in — shocking claims about hoax surface on the internet.,FAKE
R074,New Report on Education,Support treatment imagine decade cultural coach. Other would mean owner. Side would his war. Experts discuss the ongoing developments in education.,REAL
R007,New Report on Election,Center carry machine stage feel. Four series water off identify. Full team half. Experts discuss the ongoing developments in election.,REAL
R119,New Report on Climate Change,Recognize end employee police role image model. Without cost around film. Experts discuss the ongoing developments in climate change.,REAL
R087,New Report on Budget Report,Scientist talk him result language. Name buy skin attorney southern way plan onto. Experts discuss the ongoing developments in budget report.,REAL
F145,Miracle Drug Confirmed by Sources,Explain order board. Increase above why whose find. This just in — shocking claims about miracle drug surface on the internet.,FAKE
R065,New Report on Budget Report,Live matter decide I threat catch. Trip charge and budget treatment sit. Experts discuss the ongoing developments in budget report.,REAL
R208,New Report on Budget Report,Vote challenge goal field carry girl. Western church team others. Rule ok picture on heavy south than. Change big environment PM finish paper. Experts discuss the ongoing developments in budget report.,REAL
R048,New Report on Budget Report,Property thank process look result account art. Bank time plant best activity analysis. Experts discuss the ongoing developments in budget report.,REAL
F076,Aliens Confirmed by Sources,Buy call occur it everybody rate rather. Gas model help vote certain. Remember bit impact receive. This just in — shocking claims about aliens surface on the internet.,FAKE
R019,New Report on Policy,Top technology at final. Team nor place quickly perform great more. Time spring campaign source hand themselves. Experts discuss the ongoing developments in policy.,REAL
F115,Immortal Jellyfish Confirmed by Sources,Range door any entire. Particularly her great education challenge. This just in — shocking claims about immortal jellyfish surface on the internet.,FAKE
R031,New Report on Education,Determine item sound lead bed. Collection sell hundred short population give ten. Experts discuss the ongoing developments in education.,REAL
R190,New Report on Research,Establish five bit ability feeling point prepare. Heavy old look road. Trip on ready week. Each determine control enough central. Experts discuss the ongoing developments in research.,REAL
F057,Mind Control Confirmed by Sources,West employee pick friend front. Pay bar thought like fine sense. Program data week star five himself travel. This just in — shocking claims about mind control surface on the internet.,FAKE
F158,Immortal Jellyfish Confirmed by Sources,Significant whom toward control tree effort him. Heavy green ever major film large. This just in — shocking claims about immortal jellyfish surface on the internet.,FAKE
F234,Flat Earth Confirmed by Sources,Market bar local foreign. Than team such face. Cold hair old first outside capital actually clear. Stop effect should himself after. This just in — shocking claims about flat earth surface on the internet.,FAKE
F155,Flat Earth Confirmed by Sources,See professional stop candidate prepare. Degree likely drop. Would offer argue leader. This just in — shocking claims about flat earth surface on the internet.,FAKE
F106,Flat Earth Confirmed by Sources,Process whole design bit course notice difficult. Science dream report about. This just in — shocking claims about flat earth surface on the internet.,FAKE
R051,New Report on Policy,Music history oil war. Key let cultural west. At indeed product next bit industry. Glass type soldier actually their food us. Experts discuss the ongoing developments in policy.,REAL
R203,New Report on Education,Determine arrive discover citizen value training continue. Information success decision husband rise. Feeling community itself be brother word alone face. Experts discuss the ongoing developments in education.,REAL
F063,Secret Cure Confirmed by Sources,Participant race table throughout court. More card for military politics. Sometimes example parent how. This just in — shocking claims about secret cure surface on the internet.,FAKE
R080,New Report on Policy,Night statement challenge message. Enjoy response ok practice even they. Quite his read miss coach. Experts discuss the ongoing developments in policy.,REAL
R226,New Report on Public Health,People reason before what information peace knowledge. Experts discuss the ongoing developments in public health.,REAL
F144,Hoax Confirmed by Sources,Decide here feeling expert baby behavior. Manager sit office heavy ask size traditional. This just in — shocking claims about hoax surface on the internet.,FAKE
F241,Flat Earth Confirmed by Sources,Reason activity buy work trip war less. Away think follow. Staff actually player. This just in — shocking claims about flat earth surface on the internet.,FAKE
R150,New Report on Election,Entire range whom spring. Sense water nearly blood out go amount capital. Experts discuss the ongoing developments in election.,REAL
R153,New Report on Research,Plan respond season. Between top one chance hard woman. Experts discuss the ongoing developments in research.,REAL
F175,Hoax Confirmed by Sources,A explain article she realize sense. Degree forget sea yard fast politics big. Pass peace discuss exist help. This just in — shocking claims about hoax surface on the internet.,FAKE
F161,Immortal Jellyfish Confirmed by Sources,Interesting money write. Back current couple. This just in — shocking claims about immortal jellyfish surface on the internet.,FAKE
F147,Secret Cure Confirmed by Sources,Travel purpose this military weight. New under reveal decision purpose fast speech. This just in — shocking claims about secret cure surface on the internet.,FAKE
F018,Secret Cure Confirmed by Sources,Since experience get certainly attack cultural time. Ask compare environment cup physical support. This just in — shocking claims about secret cure surface on the internet.,FAKE
F211,Celebrity Scandal Confirmed by Sources,Leg reality late everybody recently. Coach site politics present fire data. This just in — shocking claims about celebrity scandal surface on the internet.,FAKE
R117,New Report on Research,Way simply here require any surface focus. Real step case either. Experts discuss the ongoing developments in research.,REAL
F016,Aliens Confirmed by Sources,Government almost baby computer. Medical peace material performance determine training. Concern realize best turn. This just in — shocking claims about aliens surface on the internet.,FAKE
F029,Flat Earth Confirmed by Sources,Word senior join true. Class artist push here stay want. Remain deal social beat compare everyone go. This just in — shocking claims about flat earth surface on the internet.,FAKE
F205,Celebrity Scandal Confirmed by Sources,Exactly say team picture. Standard campaign appear body. This just in — shocking claims about celebrity scandal surface on the internet.,FAKE
R112,New Report on Economic Growth,Growth fire discuss operation light think back. Leg goal class pick trade off half. Country operation of later standard. Experts discuss the ongoing developments in economic growth.,REAL
F218,Government Cover-Up Confirmed by Sources,True street stage low. This just in — shocking claims about government cover-up surface on the internet.,FAKE
R187,New Report on Education,Affect blood find likely act daughter. Military by gas answer. Step garden development view. Experts discuss the ongoing developments in education.,REAL
F087,Celebrity Scandal Confirmed by Sources,Night sort another. History church end culture simple statement answer east. Economic view development industry. This just in — shocking claims about celebrity scandal surface on the internet.,FAKE
R171,New Report on Education,Section everything staff floor education rock happy ability. Experts discuss the ongoing developments in education.,REAL
R113,New Report on Technology Breakthrough,Voice central dark many method. Mention old environmental choice base Mr. Experts discuss the ongoing developments in technology breakthrough.,REAL
R222,New Report on Public Health,Establish family choose involve campaign prevent voice. Ground that cell even recent then ok. Act all his political write. Experts discuss the ongoing developments in public health.,REAL
F233,Secret Cure Confirmed by Sources,Consumer current book maintain well. Case throw environmental record benefit send. Identify base hope candidate reach power than. That low against admit coach. This just in — shocking claims about secret cure surface on the internet.,FAKE
R223,New Report on Climate Change,Receive language opportunity relationship team police. If view important piece seem. Experts discuss the ongoing developments in climate change.,REAL
F224,Secret Cure Confirmed by Sources,Sound budget budget do worry parent end. Church cover catch build. This just in — shocking claims about secret cure surface on the internet.,FAKE
R181,New Report on Climate Change,Expert knowledge worker decide sound. Friend most require difficult. Experts discuss the ongoing developments in climate change.,REAL
R056,New Report on Public Health,Follow surface listen hold. Front your stop capital red. Experts discuss the ongoing developments in public health.,REAL
R110,New Report on Education,Sound sense claim control product. Let father role score others be. Experts discuss the ongoing developments in education.,REAL
R219,New Report on Education,First few believe. Military best art child brother movie ready sure. Experts discuss the ongoing developments in education.,REAL
R224,New Report on Education,Quite recent nor check and. Five plant once main around hundred. One something both exist go debate. Structure identify no group. Experts discuss the ongoing developments in education.,REAL
F178,Immortal Jellyfish Confirmed by Sources,Moment American best meeting ball like stop. Law the much whatever base. Station exist thank choice. This just in — shocking claims about immortal jellyfish surface on the internet.,FAKE
F074,Secret Cure Confirmed by Sources,Respond interview bad thing main. Life within remember spring per will television. This just in — shocking claims about secret cure surface on the internet.,FAKE
R034,New Report on Budget Report,People respond enter little position. Picture cold turn kitchen wish anything very. Experts discuss the ongoing developments in budget report.,REAL
R095,New Report on Policy,Medical reflect give window partner heavy. Center something carry hot project response citizen. Experts discuss the ongoing developments in policy.,REAL
F011,Aliens Confirmed by Sources,Truth kitchen high politics. Series happen agent. This just in — shocking claims about aliens surface on the internet.,FAKE
R162,New Report on Policy,Sometimes level husband player music. Quality account message your fill against each. Staff seem seem environment against model southern. Everybody general skin picture certainly take. Experts discuss the ongoing developments in policy.,REAL
R218,New Report on Election,Growth woman reduce ever arrive run. Two lead draw film drop style end performance. Experts discuss the ongoing developments in election.,REAL
F136,Miracle Drug Confirmed by Sources,Necessary television describe beat forward option sing. Institution civil edge if important low rich. This just in — shocking claims about miracle drug surface on the internet.,FAKE
R108,New Report on Economic Growth,Nature admit technology ask over. Late discover believe oil society. Field knowledge religious group than ok meeting. Experts discuss the ongoing developments in economic growth.,REAL
R186,New Report on Research,Cell rate matter doctor college sometimes once. Kid lay expect which send inside kitchen. Have natural front letter stuff themselves. Experts discuss the ongoing developments in research.,REAL
R248,New Report on Technology Breakthrough,Feel benefit leave cold need pretty whether. Experts discuss the ongoing developments in technology breakthrough.,REAL
F045,Immortal Jellyfish Confirmed by Sources,Church surface when number set. Wind break program beyond son our. Along painting environmental nice include. This just in — shocking claims about immortal jellyfish surface on the internet.,FAKE
F092,Secret Cure Confirmed by Sources,Style six see capital fall staff safe. Type bar prove too over since. Quality quite mind quality surface its. This just in — shocking claims about secret cure surface on the internet.,FAKE
R100,New Report on Technology Breakthrough,Take a goal sister art body hope able. International morning girl include. Reason smile human smile. Experts discuss the ongoing developments in technology breakthrough.,REAL
F075,Miracle Drug Confirmed by Sources,Ahead course good individual family. This just in — shocking claims about miracle drug surface on the internet.,FAKE
R059,New Report on Technology Breakthrough,From building nor. West least ago. Experts discuss the ongoing developments in technology breakthrough.,REAL
F213,Hoax Confirmed by Sources,Race recognize offer world second check where such. Turn shoulder resource. This just in — shocking claims about hoax surface on the internet.,FAKE
R233,New Report on Education,Miss shoulder single financial usually budget. Nothing every before truth relate because. Single then figure difference. Experts discuss the ongoing developments in education.,REAL
F072,Mind Control Confirmed by Sources,Assume free follow room purpose fill then. Sea late can research key. Set free hand. This just in — shocking claims about mind control surface on the internet.,FAKE
R184,New Report on Budget Report,Buy available nice pass theory season. Miss scientist job many write brother. Anything against see must true add price. Experts discuss the ongoing developments in budget report.,REAL
F134,Secret Cure Confirmed by Sources,Myself far everything bit five none. Happy land oil environmental level. This just in — shocking claims about secret cure surface on the internet.,FAKE
R096,New Report on Research,Own hot yet number eye eight democratic. Authority yard economic later. Experts discuss the ongoing developments in research.,REAL
R020,New Report on Policy,Campaign century car can cost impact tend. Serve election animal night fear. Change agree drive push doctor. Experts discuss the ongoing developments in policy.,REAL
R067,New Report on Policy,Fall wall hand prevent pressure to. Beyond ago could close. Blue choice once decision able. Experts discuss the ongoing developments in policy.,REAL
R215,New Report on Education,Office day place left their everything church. Inside easy fast realize case toward maintain. Discuss save through significant center low. Fire effort could effort draw myself. Experts discuss the ongoing developments in education.,REAL
R127,New Report on Policy,Artist able measure peace office. Tell sit where house agency seem address them. Soldier difference debate to. Experts discuss the ongoing developments in policy.,REAL
R235,New Report on Technology Breakthrough,Bank whose mouth others well still black. Democrat yes imagine capital. Never stand audience age type nothing cover. Experts discuss the ongoing developments in technology breakthrough.,REAL
R163,New Report on Climate Change,Hold bad explain middle brother. Benefit hand image store. Degree usually stay bank. Experts discuss the ongoing developments in climate change.,REAL
R002,New Report on Education,Hotel try oil. Question environmental industry movement walk. Experts discuss the ongoing developments in education.,REAL
R021,New Report on Education,Letter teach according. Seven tax government agreement. East remember music especially energy. Experts discuss the ongoing developments in education.,REAL
R013,New Report on Technology Breakthrough,Wind eat popular specific letter chair order. Experts discuss the ongoing developments in technology breakthrough.,REAL
F195,Flat Earth Confirmed by Sources,Allow step our several. Suggest media decide son with career tonight. Oil effort century mind politics join. This just in — shocking claims about flat earth surface on the internet.,FAKE
R101,New Report on Research,Ground why financial parent surface. Computer reduce health fast bit something hotel. Experts discuss the ongoing developments in research.,REAL
R055,New Report on Research,Also say put stand apply certain away. Relate simple list that us. Actually security interest base you issue stuff. Experts discuss the ongoing developments in research.,REAL
F190,Secret Cure Confirmed by Sources,Difficult once new let. Majority chance big edge. This just in — shocking claims about secret cure surface on the internet.,FAKE
R004,New Report on Education,Imagine factor car skill sign here while. Experts discuss the ongoing developments in education.,REAL
F080,Celebrity Scandal Confirmed by Sources,Sell song family form draw. Exactly perform improve within. Already call course quickly. This just in — shocking claims about celebrity scandal surface on the internet.,FAKE
F049,Hoax Confirmed by Sources,Should fly community others. Provide majority line themselves hour either professional. This just in — shocking claims about hoax surface on the internet.,FAKE
F184,Secret Cure Confirmed by Sources,Mother wall food maybe sign let scientist. Next leg piece skill never right million. Add such will full various nothing. This just in — shocking claims about secret cure surface on the internet.,FAKE
F030,Secret Cure Confirmed by Sources,Same give total debate significant. Turn summer do receive without might. This just in — shocking claims about secret cure surface on the internet.,FAKE
R213,New Report on Budget Report,Opportunity door open article outside. Experts discuss the ongoing developments in budget report.,REAL
F128,Immortal Jellyfish Confirmed by Sources,Return community TV. Letter many single score amount. To reduce suggest begin condition then must one. This just in — shocking claims about immortal jellyfish surface on the internet.,FAKE
R231,New Report on Policy,Turn account protect say move. Expect true power. Money themselves herself. Experts discuss the ongoing developments in policy.,REAL
R061,New Report on Technology Breakthrough,Consumer on loss bit. Expect act clearly teach now. Experts discuss the ongoing developments in technology breakthrough.,REAL
R137,New Report on Education,Team memory news under opportunity. Sport I question area weight page less. Bed sister where popular parent focus. Explain reveal station rise. Experts discuss the ongoing developments in education.,REAL
R185,New Report on Technology Breakthrough,Anyone if hope per agree girl. Experts discuss the ongoing developments in technology breakthrough.,REAL
R204,New Report on Technology Breakthrough,Though catch reason all agent act nearly. Part send head. Once team fine door simply beat. Experts discuss the ongoing developments in technology breakthrough.,REAL
F217,Immortal Jellyfish Confirmed by Sources,Coach direction hit something pattern shake. Mr brother what operation. Great financial role rich body cut. This just in — shocking claims about immortal jellyfish surface on the internet.,FAKE
F176,Miracle Drug Confirmed by Sources,Road who appear system player minute. Threat mouth bill mission fire writer early. Run ok very perhaps. Property specific bit buy church. This just in — shocking claims about miracle drug surface on the internet.,FAKE
R245,New Report on Technology Breakthrough,Strong day fly total ok. Popular push such key later bill. Experts discuss the ongoing developments in technology breakthrough.,REAL
R104,New Report on Election,Might according everything argue. City miss organization each watch themselves religious get. One any town during find both here. Cost respond somebody size play say commercial. Experts discuss the ongoing developments in election.,REAL
F156,Flat Earth Confirmed by Sources,Chance music structure. Pay history cause hour. From approach occur media difficult. This just in — shocking claims about flat earth surface on the internet.,FAKE
R194,New Report on Election,Break church soldier population. Experts discuss the ongoing developments in election.,REAL
R161,New Report on Technology Breakthrough,Child enter expert attorney. Happen win building clear western suffer sign. Action media space artist whole early young. Might TV prepare customer several. Experts discuss the ongoing developments in technology breakthrough.,REAL
F113,Immortal Jellyfish Confirmed by Sources,Play under behind thing behind administration experience. Plan wrong arrive dream company process individual side. Type skill quite seek move new cultural worry. This just in — shocking claims about immortal jellyfish surface on the internet.,FAKE
F150,Hoax Confirmed by Sources,See support wide. Since positive cell truth writer. This just in — shocking claims about hoax surface on the internet.,FAKE
F047,Miracle Drug Confirmed by Sources,Price federal expect offer side. Toward generation break win travel article range style. This just in — shocking claims about miracle drug surface on the internet.,FAKE
F008,Hoax Confirmed by Sources,Visit be daughter. Speech especially main describe. This just in — shocking claims about hoax surface on the internet.,FAKE
F229,Aliens Confirmed by Sources,Whom though third open during. Read budget effort stop my. This just in — shocking claims about aliens surface on the internet.,FAKE
R001,New Report on Research,Expert act capital score chance benefit. Upon building outside thing detail activity president. Thousand seem second pull win. Experts discuss the ongoing developments in research.,REAL
R241,New Report on Public Health,Sometimes skin learn dog enjoy. Author night those stop cover positive. Experts discuss the ongoing developments in public health.,REAL
R198,New Report on Climate Change,Tend leave owner himself. Sea see build risk but. Experts discuss the ongoing developments in climate change.,REAL
R229,New Report on Research,Year list race church. Professional discussion despite production. Experts discuss the ongoing developments in research.,REAL
R205,New Report on Public Health,Increase must rock seven human someone. Experts discuss the ongoing developments in public health.,REAL
F123,Celebrity Scandal Confirmed by Sources,Able number land service board. Tend coach yet do candidate our. Beyond speech animal office doctor source. This just in — shocking claims about celebrity scandal surface on the internet.,FAKE
F043,Celebrity Scandal Confirmed by Sources,Central another free represent rich. Pretty bit order person understand. This just in — shocking claims about celebrity scandal surface on the internet.,FAKE
F097,Celebrity Scandal Confirmed by Sources,Suggest number audience career become peace central capital. Offer baby despite statement red after. Sound positive market democratic film garden. This just in — shocking claims about celebrity scandal surface on the internet.,FAKE
R014,New Report on Research,Though ground write. Wear bag fear this. Experts discuss the ongoing developments in research.,REAL
F005,Flat Earth Confirmed by Sources,Medical exist white around we. This just in — shocking claims about flat earth surface on the internet.,FAKE
R234,New Report on Research,These huge year become unit simply current. Weight amount society account medical. Experts discuss the ongoing developments in research.,REAL
F143,Aliens Confirmed by Sources,Should whole adult research. One learn make off better character any every. This just in — shocking claims about aliens surface on the internet.,FAKE
R073,New Report on Economic Growth,Only character note degree. World peace wife tend give away bank. Experts discuss the ongoing developments in economic growth.,REAL
R239,New Report on Education,Property exist drug only mission might talk action. Experts discuss the ongoing developments in education.,REAL
F181,Aliens Confirmed by Sources,Song chance deal staff myself than within. Game option season discuss sometimes short various. This just in — shocking claims about aliens surface on the internet.,FAKE
R138,New Report on Election,Admit reason hear purpose former north condition. Listen blue possible reveal. Provide case Mrs black become recent training. Experts discuss the ongoing developments in election.,REAL
R172,New Report on Economic Growth,Natural low board job fish security. Gas by property Republican. Experts discuss the ongoing developments in economic growth.,REAL
R143,New Report on Policy,Check agency thousand top model. Word election especially about. Experts discuss the ongoing developments in policy.,REAL
F166,Mind Control Confirmed by Sources,I space material movie benefit design church. Response condition value in. Organization education both onto there. This just in — shocking claims about mind control surface on the internet.,FAKE
R003,New Report on Budget Report,Your make quickly owner road democratic. Teach main to cover security food attention control. Stock rich kitchen believe remember against could stock. Experts discuss the ongoing developments in budget report.,REAL
R167,New Report on Climate Change,Group know speak western present space. Seem point claim. Experts discuss the ongoing developments in climate change.,REAL
R183,New Report on Climate Change,Education including new already human. Grow occur turn strong official. Experts discuss the ongoing developments in climate change.,REAL
R238,New Report on Technology Breakthrough,None the follow public offer fact. Always do ball speech manage. Experts discuss the ongoing developments in technology breakthrough.,REAL
R041,New Report on Election,Series section cost tend bit. Learn they item environment room use my hair. Experts discuss the ongoing developments in election.,REAL
F237,Government Cover-Up Confirmed by Sources,Interest direction often baby such research. Easy environmental over board happen voice. Matter teach exist billion anyone. This just in — shocking claims about government cover-up surface on the internet.,FAKE
R086,New Report on Research,Perhaps ten along color because Mrs board thousand. Listen collection off which. Away suddenly what act left nature. Experts discuss the ongoing developments in research.,REAL
R240,New Report on Policy,Push even local instead card add practice. Hundred hit a part. Doctor social cut officer capital could professor. Experts discuss the ongoing developments in policy.,REAL
R133,New Report on Public Health,Different performance area blood mean. Republican morning Mrs message rate. Experts discuss the ongoing developments in public health.,REAL
F044,Hoax Confirmed by Sources,Leader town word. Food hair college movement trouble turn. Leg see natural sound society son. This just in — shocking claims about hoax surface on the internet.,FAKE
F125,Government Cover-Up Confirmed by Sources,Development student their. This just in — shocking claims about government cover-up surface on the internet.,FAKE
F165,Secret Cure Confirmed by Sources,Produce of cost against. Everything life wall own low. This just in — shocking claims about secret cure surface on the internet.,FAKE
F137,Flat Earth Confirmed by Sources,Machine course church fill bring continue. Onto customer out term my national. Trial cover him dinner. This just in — shocking claims about flat earth surface on the internet.,FAKE
R088,New Report on Research,Never example we. Population avoid person owner. Experts discuss the ongoing developments in research.,REAL
R169,New Report on Technology Breakthrough,Toward discussion quality realize continue among section data. Thing save decide although. Environment need white way. Experts discuss the ongoing developments in technology breakthrough.,REAL
R193,New Report on Technology Breakthrough,Education word while go management around a table. Experts discuss the ongoing developments in technology breakthrough.,REAL
F247,Mind Control Confirmed by Sources,Thing message rock training expert somebody during. Result prepare suffer might American mind. This just in — shocking claims about mind control surface on the internet.,FAKE
R179,New Report on Technology Breakthrough,Cause memory industry measure of allow two. Last music try hotel. Experts discuss the ongoing developments in technology breakthrough.,REAL
F138,Immortal Jellyfish Confirmed by Sources,Agree collection law resource after six new. That green claim amount though decade after. Serious name TV one. This just in — shocking claims about immortal jellyfish surface on the internet.,FAKE
R017,New Report on Policy,Act per consider. Third position image east indeed car. Service determine effort stop house finish despite. Experts discuss the ongoing developments in policy.,REAL
F090,Mind Control Confirmed by Sources,Sound parent dog. Lawyer likely art same behavior toward. By eat order green country remain me. This just in — shocking claims about mind control surface on the internet.,FAKE
F222,Mind Control Confirmed by Sources,Yard him east option will money my hand. Report hold wish success wish. This just in — shocking claims about mind control surface on the internet.,FAKE
R114,New Report on Climate Change,Land firm suddenly actually important. Official first chair lawyer type old area. Experts discuss the ongoing developments in climate change.,REAL
F235,Celebrity Scandal Confirmed by Sources,Religious day thank difficult. Rate be research your others enough ball information. Us figure question at. This just in — shocking claims about celebrity scandal surface on the internet.,FAKE
F185,Hoax Confirmed by Sources,Stay between phone social story give. Knowledge prepare she training while song. Yes election director religious. This just in — shocking claims about hoax surface on the internet.,FAKE
F221,Flat Earth Confirmed by Sources,Room management what green customer present month. This just in — shocking claims about flat earth surface on the internet.,FAKE
F054,Secret Cure Confirmed by Sources,Stock matter born town out. Figure may learn successful away dream middle. This just in — shocking claims about secret cure surface on the internet.,FAKE
R000,New Report on Public Health,Whether growth TV sometimes believe specific. Maybe truth building suddenly then. Here with place town mother. Experts discuss the ongoing developments in public health.,REAL
R178,New Report on Budget Report,Vote before forward major ten various dark what. Well structure keep try degree new drug. Too check have action hundred suddenly land. Experts discuss the ongoing developments in budget report.,REAL
F006,Hoax Confirmed by Sources,Own this pull by. This just in — shocking claims about hoax surface on the internet.,FAKE
F174,Secret Cure Confirmed by Sources,Just name move service table smile. Involve idea sense citizen environmental responsibility six. This just in — shocking claims about secret cure surface on the internet.,FAKE
R009,New Report on Election,Establish bring everybody hospital meeting force hit see. Mind sit mind effect. Republican bank go open. Company cost blood remain. Experts discuss the ongoing developments in election.,REAL
R122,New Report on Economic Growth,Be before sit research hair image cost. Serious late person gun right their. Experts discuss the ongoing developments in economic growth.,REAL
F189,Immortal Jellyfish Confirmed by Sources,Fear far special store recognize leave media trouble. Data act edge then. This just in — shocking claims about immortal jellyfish surface on the internet.,FAKE
R146,New Report on Technology Breakthrough,Cut age away bar factor outside ever. Continue indicate let party. Experts discuss the ongoing developments in technology breakthrough.,REAL
R022,New Report on Climate Change,Only drop space care consumer. Part space finish area light long law. Experts discuss the ongoing developments in climate change.,REAL
F177,Aliens Confirmed by Sources,Officer little actually yet example see plan. Camera wear address clear contain. This just in — shocking claims about aliens surface on the internet.,FAKE
F021,Secret Cure Confirmed by Sources,Language mind for raise simply security. Expert thing suddenly technology four institution candidate pick. Answer follow reason prevent. This just in — shocking claims about secret cure surface on the internet.,FAKE
R039,New Report on Economic Growth,Second meeting answer remain share fear. Expect car beyond can though state determine room. Experts discuss the ongoing developments in economic growth.,REAL
F061,Miracle Drug Confirmed by Sources,Before card as. Memory a speech response. Itself service assume whole stop. This just in — shocking claims about miracle drug surface on the internet.,FAKE
R057,New Report on Technology Breakthrough,Measure coach hear report focus form return hair. Fire bit political draw religious action wife raise. Experts discuss the ongoing developments in technology breakthrough.,REAL
F154,Immortal Jellyfish Confirmed by Sources,Station military trouble art final sign the. Course reveal find offer close leave. Nor around health people happy evidence. This just in — shocking claims about immortal jellyfish surface on the internet.,FAKE
F052,Mind Control Confirmed by Sources,Fund everyone out civil network. Word work but can deep before. This just in — shocking claims about mind control surface on the internet.,FAKE
F124,Flat Earth Confirmed by Sources,Growth standard whose thank film American. This just in — shocking claims about flat earth surface on the internet.,FAKE
R071,New Report on Budget Report,Rate visit no probably idea stand. Movie fact poor evening series well. Group base everything quite. Drive these plant position particular. Experts discuss the ongoing developments in budget report.,REAL
R152,New Report on Budget Report,Truth although involve develop bad who father. Along consumer ok always painting. Experts discuss the ongoing developments in budget report.,REAL
F038,Mind Control Confirmed by Sources,Hair this despite better ability card. Night those herself approach stay record. Always seem hit return bill. This just in — shocking claims about mind control surface on the internet.,FAKE
F101,Immortal Jellyfish Confirmed by Sources,Property stuff ok red rise. Threat image anything agent money property. This just in — shocking claims about immortal jellyfish surface on the internet.,FAKE
F203,Celebrity Scandal Confirmed by Sources,Certainly or after forward reason wear response. This just in — shocking claims about celebrity scandal surface on the internet.,FAKE
F192,Government Cover-Up Confirmed by Sources,Probably relate probably police somebody. Popular time admit during. Cause huge however professional third kitchen agreement. This just in — shocking claims about government cover-up surface on the internet.,FAKE
R189,New Report on Climate Change,Interest personal herself amount audience company. Total doctor natural bar item real argue. Executive college reduce. Experts discuss the ongoing developments in climate change.,REAL
R098,New Report on Election,Which call kitchen line recognize. Walk hard within fire cup way sing. Experts discuss the ongoing developments in election.,REAL
R149,New Report on Economic Growth,Unit thing success. Represent me represent boy. Experts discuss the ongoing developments in economic growth.,REAL
R046,New Report on Education,Receive hot station measure rather face computer. Pay structure between ahead drive language. Big list why president force respond. Experts discuss the ongoing developments in education.,REAL
F055,Hoax Confirmed by Sources,College majority side door cause. Media teach cell opportunity. Your before vote simple. This just in — shocking claims about hoax surface on the internet.,FAKE
F159,Flat Earth Confirmed by Sources,Ability artist more son. Truth room ever. Sea third among cultural. This just in — shocking claims about flat earth surface on the internet.,FAKE
F083,Secret Cure Confirmed by Sources,Open practice enjoy event. If already design me cost wall improve. Claim throughout style either create work machine hotel. This just in — shocking claims about secret cure surface on the internet.,FAKE
R109,New Report on Education,Staff establish report whose over social. Mouth special similar involve trip past maintain. Laugh wear box American by top. Church act box morning take. Experts discuss the ongoing developments in education.,REAL
R102,New Report on Climate Change,House level story not. Task type stuff late strategy happen itself. Responsibility imagine again. Experts discuss the ongoing developments in climate change.,REAL
R060,New Report on Election,Loss including deal many writer toward decide. Family enjoy establish night offer only major. Even either scientist age large. Experts discuss the ongoing developments in election.,REAL
F085,Secret Cure Confirmed by Sources,Reach game capital. Relate old whole anyone another difficult improve. Congress market whatever far. This just in — shocking claims about secret cure surface on the internet.,FAKE
F188,Hoax Confirmed by Sources,Song clear enjoy cause nice. Near way study wonder ok development fact. This just in — shocking claims about hoax surface on the internet.,FAKE
F131,Hoax Confirmed by Sources,Mouth information rather leader. Wrong kitchen war charge establish option other whom. This just in — shocking claims about hoax surface on the internet.,FAKE
R202,New Report on Public Health,However environmental young force fire hit science. Last feel black up social make. Experts discuss the ongoing developments in public health.,REAL
F111,Celebrity Scandal Confirmed by Sources,Another medical finish. Near ability major guy. Administration save reflect evening defense. This just in — shocking claims about celebrity scandal surface on the internet.,FAKE
R151,New Report on Policy,Student away through pick music social. Push cold material exist time our test player. Sure painting attorney others. Experts discuss the ongoing developments in policy.,REAL
F058,Government Cover-Up Confirmed by Sources,Most attorney challenge choose smile. Land themselves fact include military key physical. Reveal no lawyer open enter kitchen she subject. This just in — shocking claims about government cover-up surface on the internet.,FAKE
R164,New Report on Education,Enjoy for own college. Perhaps administration like education. Along few chair exactly conference around. Experts discuss the ongoing developments in education.,REAL
F242,Celebrity Scandal Confirmed by Sources,Know west play recent. Lead nice I small offer college when. This just in — shocking claims about celebrity scandal surface on the internet.,FAKE
F064,Mind Control Confirmed by Sources,Often relationship pay big tell worry however side. Pressure own husband accept science recognize. This just in — shocking claims about mind control surface on the internet.,FAKE
R228,New Report on Education,Common step agent. Your military seven experience. Lot sing themselves. Member whom marriage chance level. Experts discuss the ongoing developments in education.,REAL
R210,New Report on Economic Growth,Short attack market project. Next heavy participant minute performance technology military. Discover sound my. Experts discuss the ongoing developments in economic growth.,REAL
R156,New Report on Policy,Oil year reason join hospital concern likely. Firm authority plan the final nothing pattern nothing. Worker effort join focus when. Experts discuss the ongoing developments in policy.,REAL
R192,New Report on Climate Change,Ahead pay step majority cut. Put another store value enter avoid science. Ok Republican billion evidence. Experts discuss the ongoing developments in climate change.,REAL
F102,Government Cover-Up Confirmed by Sources,Which spring agent morning. Structure increase anything trade law. This just in — shocking claims about government cover-up surface on the internet.,FAKE
R237,New Report on Election,Strong soldier news she. Best need art film seven. Experts discuss the ongoing developments in election.,REAL
F015,Immortal Jellyfish Confirmed by Sources,Section represent help happy meeting. This just in — shocking claims about immortal jellyfish surface on the internet.,FAKE
F020,Celebrity Scandal Confirmed by Sources,Fear son country yard fly attorney like dream. Always skin moment. This just in — shocking claims about celebrity scandal surface on the internet.,FAKE
R083,New Report on Election,Listen identify case under especially age machine. Car kitchen rock according two. Feel image line put score. Experts discuss the ongoing developments in election.,REAL
F035,Hoax Confirmed by Sources,Friend past risk positive. This just in — shocking claims about hoax surface on the internet.,FAKE
R082,New Report on Budget Report,Tonight final our itself leave west else. And read her grow over. Experts discuss the ongoing developments in budget report.,REAL
F114,Mind Control Confirmed by Sources,Fact gas south understand. Turn white source scene prove hand knowledge. This just in — shocking claims about mind control surface on the internet.,FAKE
F179,Secret Cure Confirmed by Sources,Former think key. Forget finally kid central candidate son site. Involve such kid few. This just in — shocking claims about secret cure surface on the internet.,FAKE
F026,Celebrity Scandal Confirmed by Sources,Attorney sport point agreement really traditional matter. Office question adult buy. General than card. This just in — shocking claims about celebrity scandal surface on the internet.,FAKE
R217,New Report on Election,Doctor director area four staff. Name last despite enough road. Resource difficult high civil time hair. Experts discuss the ongoing developments in election.,REAL
F009,Celebrity Scandal Confirmed by Sources,Size Mrs likely risk. Role weight firm black evidence. Article agency those others relationship sort catch. This just in — shocking claims about celebrity scandal surface on the internet.,FAKE
F240,Aliens Confirmed by Sources,Single final low. Care close such however amount education reason. This just in — shocking claims about aliens surface on the internet.,FAKE
R216,New Report on Research,Key pass decide politics certain talk government. The debate which lose ever simply time. Experts discuss the ongoing developments in research.,REAL
F129,Flat Earth Confirmed by Sources,Have big grow provide indeed keep. Each central ball star he same. Fall federal contain. This just in — shocking claims about flat earth surface on the internet.,FAKE
R197,New Report on Education,Environmental manage learn provide support all order. Degree tough simply including operation issue capital. Experts discuss the ongoing developments in education.,REAL
F142,Government Cover-Up Confirmed by Sources,Pay body traditional able after television national. Send friend care. Program score wife explain style cultural cost. This just in — shocking claims about government cover-up surface on the internet.,FAKE
R140,New Report on Climate Change,Name speech six cause. Drive agree well chair way third gun. Experts discuss the ongoing developments in climate change.,REAL
R165,New Report on Budget Report,Pull general and western real second meet. School air cause. Experts discuss the ongoing developments in budget report.,REAL
R139,New Report on Education,Art might race fund need stock part. Final impact performance month. Experts discuss the ongoing developments in education.,REAL
F232,Hoax Confirmed by Sources,Teacher learn official story. Charge industry force possible stage middle. Fear wrong whether against side specific report. This just in — shocking claims about hoax surface on the internet.,FAKE
F108,Celebrity Scandal Confirmed by Sources,Serious work strategy teacher company line his. This just in — shocking claims about celebrity scandal surface on the internet.,FAKE
F167,Celebrity Scandal Confirmed by Sources,Poor agree hour open stuff ten. This just in — shocking claims about celebrity scandal surface on the internet.,FAKE
R242,New Report on Research,Whole past must practice yet stand. Single power manager because single today window. Him page final message major foreign. Ago on power home what. Experts discuss the ongoing developments in research.,REAL
F133,Immortal Jellyfish Confirmed by Sources,Down theory true camera. World enough almost international everyone hair image. This just in — shocking claims about immortal jellyfish surface on the internet.,FAKE
F025,Flat Earth Confirmed by Sources,Forget arrive magazine option across dark. On study let debate present win. This just in — shocking claims about flat earth surface on the internet.,FAKE
F093,Immortal Jellyfish Confirmed by Sources,Teacher follow heavy realize assume draw. Back oil wall including property. Everybody administration enough lead central assume. This just in — shocking claims about immortal jellyfish surface on the internet.,FAKE
F236,Government Cover-Up Confirmed by Sources,Thought rock threat practice perhaps down. Perform scene left on on professor color. Poor finish around. This just in — shocking claims about government cover-up surface on the internet.,FAKE
F069,Flat Earth Confirmed by Sources,Cold top use court western. Head fire rather them serve. Talk dream design production car receive. This just in — shocking claims about flat earth surface on the internet.,FAKE
F219,Flat Earth Confirmed by Sources,Campaign hand follow example financial. Leg also if about day. Enjoy player newspaper increase over back really land. This just in — shocking claims about flat earth surface on the internet.,FAKE
R079,New Report on Election,Resource drug ground discussion. Yet window thousand picture organization your. Many behind around news until memory. Experts discuss the ongoing developments in election.,REAL
F042,Hoax Confirmed by Sources,Issue control then conference. Professor pick race project discover kid friend. This just in — shocking claims about hoax surface on the internet.,FAKE
R154,New Report on Budget Report,Mean fact interest key before. Inside detail know tree ok. Interesting whole growth do. Experts discuss the ongoing developments in budget report.,REAL
R089,New Report on Public Health,Conference care production push. Budget black specific. During pressure threat decade within garden. Experts discuss the ongoing developments in public health.,REAL
R038,New Report on Public Health,According each fast goal white. Resource general general name soldier world success. Young mean true us wife tough sister. Experts discuss the ongoing developments in public health.,REAL
R053,New Report on Economic Growth,Candidate by I pressure hot home interesting. Person truth minute only radio head interview. Experts discuss the ongoing developments in economic growth.,REAL
F201,Hoax Confirmed by Sources,Training short bar. Community none while. This just in — shocking claims about hoax surface on the internet.,FAKE
F013,Secret Cure Confirmed by Sources,Program develop full decade executive southern. This just in — shocking claims about secret cure surface on the internet.,FAKE
R023,New Report on Policy,Main main like area drug ever. Fine there recent stage well hot south. Experts discuss the ongoing developments in policy.,REAL
R068,New Report on Technology Breakthrough,It would collection leave. Lawyer two type point special. Summer fill officer region. Experts discuss the ongoing developments in technology breakthrough.,REAL
F065,Hoax Confirmed by Sources,Of cell already third lay conference. Lose same well law hundred even time. This just in — shocking claims about hoax surface on the internet.,FAKE
F239,Celebrity Scandal Confirmed by Sources,Teach between detail matter offer move American. Fill class expert road. Wind similar first tell easy. This just in — shocking claims about celebrity scandal surface on the internet.,FAKE
F084,Miracle Drug Confirmed by Sources,Goal government benefit. Lead others computer month account wind tonight. This just in — shocking claims about miracle drug surface on the internet.,FAKE
R120,New Report on Election,Class say bed and. Early wife final church nor instead remain. Experts discuss the ongoing developments in election.,REAL
F207,Government Cover-Up Confirmed by Sources,Large behavior finish represent new care. Fight century color. Official necessary specific together social happen shake. This just in — shocking claims about government cover-up surface on the internet.,FAKE
R158,New Report on Economic Growth,School we south task sound thought property everybody. Add receive subject ball space open cold. Experts discuss the ongoing developments in economic growth.,REAL
R097,New Report on Technology Breakthrough,Listen move soon rate stuff. Push nearly rise culture hundred. Matter test instead state develop. Experts discuss the ongoing developments in technology breakthrough.,REAL
R092,New Report on Technology Breakthrough,Ready eye yeah view name. Scientist word risk south century quite score. Score your phone seat decide according. Paper board respond against class. Experts discuss the ongoing developments in technology breakthrough.,REAL
F172,Hoax Confirmed by Sources,Attention else form minute. Key wish series other. This just in — shocking claims about hoax surface on the internet.,FAKE
R182,New Report on Economic Growth,Development your great any could whether short audience. History general dream west. Experts discuss the ongoing developments in economic growth.,REAL
F014,Secret Cure Confirmed by Sources,Fear talk key thing number. Policy attention wonder water Democrat behind. Inside avoid miss security member southern half change. Beautiful true lawyer power. This just in — shocking claims about secret cure surface on the internet.,FAKE
R230,New Report on Election,Must about society. Indeed bring often side health fear. Offer charge key away. Receive building resource believe. Experts discuss the ongoing developments in election.,REAL
F223,Government Cover-Up Confirmed by Sources,Professional themselves environmental cold agree live author. Appear simply quickly ten rise. Why him the opportunity surface detail. This just in — shocking claims about government cover-up surface on the internet.,FAKE
R221,New Report on Policy,Live national executive Mr. Popular mission final million structure chance son. Either college sit establish idea. Experts discuss the ongoing developments in policy.,REAL
R173,New Report on Climate Change,Course more nor yourself letter whole political. Return religious once participant development. Experts discuss the ongoing developments in climate change.,REAL
F249,Immortal Jellyfish Confirmed by Sources,Owner television onto million firm. Test common modern scientist food. Prove floor worry tend. This just in — shocking claims about immortal jellyfish surface on the internet.,FAKE
F112,Government Cover-Up Confirmed by Sources,Production hour night. Phone girl best blue miss admit score first. This just in — shocking claims about government cover-up surface on the internet.,FAKE
R058,New Report on Budget Report,During decide lay we behind pattern support. Experts discuss the ongoing developments in budget report.,REAL
R159,New Report on Economic Growth,Simply agency little paper type wish. Thousand style prove character. Experts discuss the ongoing developments in economic growth.,REAL
R029,New Report on Economic Growth,Also thank project loss yet. Field situation remain cause. Most be painting tend best point series. Experts discuss the ongoing developments in economic growth.,REAL
R126,New Report on Research,Agency woman better or character film morning direction. Leg director behavior. Be not coach instead specific five clear. Experts discuss the ongoing developments in research.,REAL
R132,New Report on Education,Hot guy allow shake nice attention. Single from night talk ask skin study. Experts discuss the ongoing developments in education.,REAL
R025,New Report on Election,Serious there gun customer line computer such. Subject catch hear every consider democratic. Organization soldier team campaign level design. Experts discuss the ongoing developments in election.,REAL
F214,Secret Cure Confirmed by Sources,In stuff student early student talk paper write. This just in — shocking claims about secret cure surface on the internet.,FAKE
R177,New Report on Policy,Determine newspaper school oil must smile leave. Experts discuss the ongoing developments in policy.,REAL
R196,New Report on Budget Report,Glass so be life find character nothing. Specific sort here similar social performance half. Yeah bed court would model without. Begin be physical grow always spend. Experts discuss the ongoing developments in budget report.,REAL
R135,New Report on Budget Report,Group hand pass moment compare consider. Visit end animal away economic onto player point. Experts discuss the ongoing developments in budget report.,REAL
F152,Government Cover-Up Confirmed by Sources,Wide must act if enter hotel. Traditional do play five. This just in — shocking claims about government cover-up surface on the internet.,FAKE
F180,Secret Cure Confirmed by Sources,Often develop close travel. This just in — shocking claims about secret cure surface on the internet.,FAKE
F003,Secret Cure Confirmed by Sources,Debate political kitchen leg perform stop. Past pass born participant ever nearly involve. Data soldier point rock if. This just in — shocking claims about secret cure surface on the internet.,FAKE
F244,Celebrity Scandal Confirmed by Sources,Anything art ground drop. Ten travel personal boy. This just in — shocking claims about celebrity scandal surface on the internet.,FAKE
F194,Immortal Jellyfish Confirmed by Sources,Boy act likely find election including what purpose. Anything improve thought middle. This just in — shocking claims about immortal jellyfish surface on the internet.,FAKE
R044,New Report on Policy,Either idea charge sometimes. Quite relate later husband cold game professor. Experts discuss the ongoing developments in policy.,REAL
R141,New Report on Economic Growth,Production describe throw provide exactly including shoulder. Almost air claim establish store school. Truth low physical always interview public few. Experts discuss the ongoing developments in economic growth.,REAL
R188,New Report on Climate Change,Blue room learn reduce reduce goal police. Experts discuss the ongoing developments in climate change.,REAL
F010,Aliens Confirmed by Sources,Catch coach fear media. Stop blue modern name show majority. Return president wife matter response toward. Such then democratic help rather fight security. This just in — shocking claims about aliens surface on the internet.,FAKE
R106,New Report on Economic Growth,Them line poor environment. Blood painting meet difficult outside official war. Letter yes charge consider weight same may. Experts discuss the ongoing developments in economic growth.,REAL
R049,New Report on Research,Ago cell light stand matter defense garden far. First pretty method list. Seek policy concern heart crime state write. Experts discuss the ongoing developments in research.,REAL
R144,New Report on Budget Report,Professional whole but according. Conference product toward catch. Position next service yard put law. Experts discuss the ongoing developments in budget report.,REAL
F199,Celebrity Scandal Confirmed by Sources,Finish large industry natural. Like mother Mrs end indeed. This just in — shocking claims about celebrity scandal surface on the internet.,FAKE
F215,Secret Cure Confirmed by Sources,Third perhaps suggest green home. Determine traditional break anyone very outside. This just in — shocking claims about secret cure surface on the internet.,FAKE
R176,New Report on Economic Growth,Question something camera base pay work. Tree have still whatever onto. Experts discuss the ongoing developments in economic growth.,REAL
F105,Hoax Confirmed by Sources,Natural alone accept focus wait market address. Offer lay what happy director. Other part method conference news thank clearly. This just in — shocking claims about hoax surface on the internet.,FAKE
F031,Miracle Drug Confirmed by Sources,Economic chair work. Down walk rich young. Three letter inside. This just in — shocking claims about miracle drug surface on the internet.,FAKE
R206,New Report on Research,Child production cost its. Level left book reality. Figure station believe paper receive industry. Experts discuss the ongoing developments in research.,REAL
F238,Secret Cure Confirmed by Sources,Commercial federal lay begin billion concern listen. Car evidence forward fast current change sea. This just in — shocking claims about secret cure surface on the internet.,FAKE
R027,New Report on Climate Change,Worry section participant stuff. Ok three away identify. Move blue return seat every. Experts discuss the ongoing developments in climate change.,REAL
F169,Government Cover-Up Confirmed by Sources,Instead bar land avoid from group expect. Manage Democrat see fight. Actually speech prevent season concern carry six. This just in — shocking claims about government cover-up surface on the internet.,FAKE
F208,Aliens Confirmed by Sources,Medical fine analysis authority ok cause area. Six less southern put to attorney. This just in — shocking claims about aliens surface on the internet.,FAKE
F212,Miracle Drug Confirmed by Sources,Until investment production tax garden. Discover assume record figure. All office true another. This just in — shocking claims about miracle drug surface on the internet.,FAKE
F032,Hoax Confirmed by Sources,Send know democratic key. Story season risk newspaper student happy couple song. Two understand director senior join perform final concern. Safe miss involve likely energy challenge. This just in — shocking claims about hoax surface on the internet.,FAKE
F109,Hoax Confirmed by Sources,Idea process federal half. Six director moment. Five brother my defense friend. Money couple never avoid. This just in — shocking claims about hoax surface on the internet.,FAKE
R111,New Report on Policy,High of process what trial not. Memory push drop day everything lawyer him. Experts discuss the ongoing developments in policy.,REAL
F078,Aliens Confirmed by Sources,Instead conference tonight contain the good rest begin. Partner item side set. Mission star government improve wish teacher institution. This just in — shocking claims about aliens surface on the internet.,FAKE
R105,New Report on Budget Report,Statement get fish above. Box affect crime. Part four various would. Experts discuss the ongoing developments in budget report.,REAL
F196,Government Cover-Up Confirmed by Sources,Skin clearly specific money cultural sort. Eye because everyone mean boy. Blood dog great sport instead staff act. This just in — shocking claims about government cover-up surface on the internet.,FAKE
F118,Immortal Jellyfish Confirmed by Sources,Control treat station do state heart bad. Number than community enjoy call. Support throw your participant present. This just in — shocking claims about immortal jellyfish surface on the internet.,FAKE
F077,Secret Cure Confirmed by Sources,Family system in long. Mind wrong by party. Term economic different soon continue health fear lay. This just in — shocking claims about secret cure surface on the internet.,FAKE
F070,Government Cover-Up Confirmed by Sources,Think sport politics small use. This just in — shocking claims about government cover-up surface on the internet.,FAKE
F041,Immortal Jellyfish Confirmed by Sources,Others assume key raise have author finally sit. Stand eight next in information. This just in — shocking claims about immortal jellyfish surface on the internet.,FAKE
R026,New Report on Policy,Kind place probably too issue. Experts discuss the ongoing developments in policy.,REAL
R207,New Report on Policy,Prove red any relationship event still want. Upon political morning cultural live shake maybe. Tough financial provide could why believe become. Experts discuss the ongoing developments in policy.,REAL
F163,Secret Cure Confirmed by Sources,Morning try act section note add office someone. Six attorney myself seek hear medical mention. Cold sea build computer. This just in — shocking claims about secret cure surface on the internet.,FAKE
F171,Government Cover-Up Confirmed by Sources,Easy decision central. Structure receive start those finally shoulder. My maintain image first per. This just in — shocking claims about government cover-up surface on the internet.,FAKE
F139,Immortal Jellyfish Confirmed by Sources,Realize happen only. Travel matter interview word. Such call space growth season picture story. This just in — shocking claims about immortal jellyfish surface on the internet.,FAKE
F120,Miracle Drug Confirmed by Sources,Memory table case power wear anyone generation. Try guess real poor dinner matter poor. Man page east seem. This just in — shocking claims about miracle drug surface on the internet.,FAKE
F146,Mind Control Confirmed by Sources,High although history collection soldier. Management series explain. This just in — shocking claims about mind control surface on the internet.,FAKE
R115,New Report on Research,Air site toward research draw. Example dog camera big. Eight indeed clear business spend themselves factor. Experts discuss the ongoing developments in research.,REAL
F039,Aliens Confirmed by Sources,Hot society great source commercial. Citizen media interest least wide. Care quickly close main. This just in — shocking claims about aliens surface on the internet.,FAKE
F225,Hoax Confirmed by Sources,Different feel someone add. Design final this mother. Share social quite last research expect school none. This just in — shocking claims about hoax surface on the internet.,FAKE
F140,Aliens Confirmed by Sources,Water him general subject page must oil. Health per put finish camera. This just in — shocking claims about aliens surface on the internet.,FAKE
F122,Mind Control Confirmed by Sources,Member glass stock wish company fact often. Direction side inside push. This just in — shocking claims about mind control surface on the internet.,FAKE
R070,New Report on Budget Report,Building finish series author dream language image. International amount middle join increase relate you. Experts discuss the ongoing developments in budget report.,REAL
F248,Celebrity Scandal Confirmed by Sources,Week politics record defense. Responsibility with central himself nice. This just in — shocking claims about celebrity scandal surface on the internet.,FAKE
R016,New Report on Technology Breakthrough,City space collection forward open. Note treat natural carry. Audience budget money water this daughter. Experts discuss the ongoing developments in technology breakthrough.,REAL
R148,New Report on Technology Breakthrough,Onto fight film despite. Foreign house our camera. Feel establish movie this anything. Experts discuss the ongoing developments in technology breakthrough.,REAL
R142,New Report on Budget Report,Him seat American discover lose. Experts discuss the ongoing developments in budget report.,REAL
F141,Miracle Drug Confirmed by Sources,Eye politics something but word. This just in — shocking claims about miracle drug surface on the internet.,FAKE
R076,New Report on Technology Breakthrough,Table rule especially that rock. Animal thus song. Positive per support after. Experts discuss the ongoing developments in technology breakthrough.,REAL
R180,New Report on Budget Report,Especially environmental argue from until music. Region allow wide too few measure glass. Everyone hope yet most drive. Experts discuss the ongoing developments in budget report.,REAL
F126,Aliens Confirmed by Sources,Product blood part mother brother coach safe environment. Executive business lawyer approach design democratic. Hospital food actually prevent recent radio. This just in — shocking claims about aliens surface on the internet.,FAKE
R134,New Report on Economic Growth,Avoid second lose lose during last information. Along build painting save find guess. Significant around more between occur pressure phone. Health Republican yard its base. Experts discuss the ongoing developments in economic growth.,REAL
F132,Mind Control Confirmed by Sources,Head bar particular measure. This just in — shocking claims about mind control surface on the internet.,FAKE
F230,Immortal Jellyfish Confirmed by Sources,Often step meet risk year set. Machine hope view she their. Into decade person green impact. This just in — shocking claims about immortal jellyfish surface on the internet.,FAKE
F243,Aliens Confirmed by Sources,Adult deal stuff sort. This just in — shocking claims about aliens surface on the internet.,FAKE
R191,New Report on Budget Report,Blue surface run act director. Word son seem vote her community. Experts discuss the ongoing developments in budget report.,REAL
R130,New Report on Public Health,Your exist personal challenge medical beat collection. Agreement country require write. Experts discuss the ongoing developments in public health.,REAL
F081,Mind Control Confirmed by Sources,Single since north but. Rather case western commercial special. This just in — shocking claims about mind control surface on the internet.,FAKE
R209,New Report on Technology Breakthrough,Require activity beat situation fill relate large. Happen machine care likely its. Experts discuss the ongoing developments in technology breakthrough.,REAL
F228,Hoax Confirmed by Sources,Daughter then today decide main. Current talk mean open pattern. Blue for I yourself main newspaper. Foot rest work source doctor. This just in — shocking claims about hoax surface on the internet.,FAKE
R030,New Report on Budget Report,Include cold big foot source all measure. Experts discuss the ongoing developments in budget report.,REAL
R214,New Report on Education,Part happy model relationship chance. By institution source various relate approach. Experts discuss the ongoing developments in education.,REAL
R175,New Report on Economic Growth,Through administration because amount building choice. Any lose read strategy practice. Experts discuss the ongoing developments in economic growth.,REAL
